{
    "root_group": {
        "groups": {
            "setup": {
                "groups": {},
                "checks": {
                        "로그인 성공": {
                            "name": "로그인 성공",
                            "path": "::setup::로그인 성공",
                            "id": "3d0a440225044c6f346cabe7a9b5a0d5",
                            "passes": 1,
                            "fails": 0
                        }
                    },
                "name": "setup",
                "path": "::setup",
                "id": "5c0f8025f7e0b6654089e5b00e950f1a"
            }
        },
        "checks": {
            "200 응답": {
                "name": "200 응답",
                "path": "::200 응답",
                "id": "435bc11384d80f2f3f7ca487fc06ea85",
                "passes": 0,
                "fails": 190
            }
        },
        "name": "",
        "path": "",
        "id": "d41d8cd98f00b204e9800998ecf8427e"
    },
    "metrics": {
        "http_req_duration": {
            "med": 30310.4141,
            "max": 59999.935,
            "p(90)": 30328.5153,
            "p(95)": 45165.35705,
            "avg": 31594.13310785341,
            "min": 625.6436,
            "thresholds": {
                "p(95)<1000": true
            }
        },
        "data_received": {
            "count": 98395,
            "rate": 1560.8293275761819
        },
        "data_sent": {
            "count": 72007,
            "rate": 1142.2393149121208
        },
        "http_req_duration{expected_response:true}": {
            "med": 625.6436,
            "max": 625.6436,
            "p(90)": 625.6436,
            "p(95)": 625.6436,
            "avg": 625.6436,
            "min": 625.6436
        },
        "http_req_receiving": {
            "min": 0,
            "med": 0,
            "max": 6.7123,
            "p(90)": 3.2769,
            "p(95)": 4.3952,
            "avg": 0.692758115183246
        },
        "http_req_connecting": {
            "max": 6.0708,
            "p(90)": 1.6642,
            "p(95)": 2.0562,
            "avg": 0.8416329842931931,
            "min": 0,
            "med": 0.6084
        },
        "http_req_waiting": {
            "p(90)": 30328.5153,
            "p(95)": 45165.03645,
            "avg": 31593.323109424084,
            "min": 623.9076,
            "med": 30308.6797,
            "max": 59999.6555
        },
        "checks": {
            "passes": 1,
            "fails": 190,
            "value": 0.005235602094240838
        },
        "http_req_sending": {
            "min": 0,
            "med": 0,
            "max": 2.5823,
            "p(90)": 0.5284,
            "p(95)": 0.6673,
            "avg": 0.11724031413612564
        },
        "vus": {
            "value": 84,
            "min": 84,
            "max": 100
        },
        "http_reqs": {
            "count": 191,
            "rate": 3.0298125063981987
        },
        "vus_max": {
            "value": 100,
            "min": 100,
            "max": 100
        },
        "http_req_blocked": {
            "p(95)": 2.49895,
            "avg": 0.9888460732984279,
            "min": 0,
            "med": 0.8021,
            "max": 8.4991,
            "p(90)": 1.7224
        },
        "http_req_tls_handshaking": {
            "max": 0,
            "p(90)": 0,
            "p(95)": 0,
            "avg": 0,
            "min": 0,
            "med": 0
        },
        "iterations": {
            "count": 190,
            "rate": 3.013949613694543
        },
        "http_req_failed": {
            "passes": 190,
            "fails": 1,
            "thresholds": {
                "rate<0.01": true
            },
            "value": 0.9947643979057592
        },
        "iteration_duration": {
            "avg": 32758.93753631578,
            "min": 31025.3039,
            "med": 31311.898200000003,
            "max": 61001.029,
            "p(90)": 31330.51034,
            "p(95)": 47650.486474999496
        }
    },
    "setup_data": {
        "accessToken": "eyJhbGciOiJIUzM4NCJ9.eyJzdWIiOiIzMDcyIiwidXNlcm5hbWUiOiJiZW5jaF91c2VyXzEiLCJyb2xlIjoiUk9MRV9TVFVERU5UIiwidG9rZW5UeXBlIjoiYWNjZXNzIiwiaWF0IjoxNzgyNDUyNjgwLCJleHAiOjE3ODI0NTM1ODB9.QRPhCBkGSt5RKKMmGpeOG3xdMt3a4ID_Qn9fSHmK9sgtjou3cpw7hx_LowArf7HL"
    }
}